ID,Predicted Salary
0,236298.41371597658
1,270441.408527329
2,304584.40333868144
3,338727.39815003384
4,372870.39296138624
